event_name,surprise_direction,average_return_1d,average_return_5d,average_return_10d,win_rate_1d,win_rate_5d,win_rate_10d,count
Fed Funds Rate,Not available,0.041982735495982595,0.23043936593431702,0.2805450955387548,51.298701298701296,53.896103896103895,53.246753246753244,308
US CPI,Not available,0.04446089379951278,0.216383554951992,0.25540029951460896,51.465798045602604,53.74592833876222,53.09446254071661,307
US Core CPI,Not available,0.04446089379951278,0.216383554951992,0.25540029951460896,51.465798045602604,53.74592833876222,53.09446254071661,307
US GDP,Not available,-0.02004176474310517,0.3231165649653504,0.7830850120783976,50.98039215686274,56.86274509803921,56.86274509803921,102
US PCE Price Index,Not available,0.05108818683265246,0.230577088470718,0.2813091245581008,51.465798045602604,53.74592833876222,53.09446254071661,307
US Unemployment Rate,Not available,0.04446089379951278,0.216383554951992,0.25540029951460896,51.465798045602604,53.74592833876222,53.09446254071661,307
