event_name,category,average_return_0d,average_return_1d,average_return_3d,average_return_5d,average_return_10d,average_return_20d,win_rate_1d,win_rate_5d,win_rate_10d,number_of_events
Fed Funds Rate,Monetary Policy,0.18522000104368866,0.041982735495982595,0.12003237408249978,0.23043936593431702,0.2805450955387548,0.8490663101612487,51.298701298701296,53.896103896103895,53.246753246753244,308
US CPI,Inflation,0.18355893787685112,0.04446089379951278,0.1136012866624973,0.216383554951992,0.25540029951460896,0.8420452765645309,51.465798045602604,53.74592833876222,53.09446254071661,307
US Core CPI,Inflation,0.18355893787685112,0.04446089379951278,0.1136012866624973,0.216383554951992,0.25540029951460896,0.8420452765645309,51.465798045602604,53.74592833876222,53.09446254071661,307
US PCE Price Index,Inflation,0.17631962010815425,0.05108818683265246,0.12901069567171,0.230577088470718,0.2813091245581008,0.8633067415780526,51.465798045602604,53.74592833876222,53.09446254071661,307
US Unemployment Rate,Labour Market,0.18355893787685112,0.04446089379951278,0.1136012866624973,0.216383554951992,0.25540029951460896,0.8420452765645309,51.465798045602604,53.74592833876222,53.09446254071661,307
US GDP,Growth,0.21787521797263226,-0.02004176474310517,-0.0499339304620903,0.3231165649653504,0.7830850120783976,1.2940063261450154,50.98039215686274,56.86274509803921,56.86274509803921,102
