weekday,average_daily_return,median_daily_return,win_rate,average_high_low_range,number_of_observations
Monday,0.05580017620163601,0.04821017163016972,53.101736972704714,0.9188101959509755,1209
Tuesday,0.01589689537624545,0.030414443787907253,51.35338345864662,0.9626718965203886,1330
Wednesday,0.048366135985546475,0.053949363841210296,52.865761689291105,0.9320725823650486,1326
Thursday,0.03522833692727382,0.026577366024693738,50.80583269378358,1.0348410668901975,1303
Friday,0.09282658731211792,0.0924792215448278,55.42635658914728,1.015483082762385,1290
